K,RMSE_micro,MAE_micro,Absolute Relative Error,KL Divergence,MAE (zeros),MAE (non-zeros),Correlation
K=13 (Previous),0.0026001849,0.00076864206,0.5185622093237648,0.38960475,0.00029874436,0.0013738952,0.8696795317697509
K=197,0.002583098,0.00076555595,0.5158882991246533,0.38665578,0.00029802773,0.001367757,0.8714683047815753
