Model,RMSE_micro,MAE_micro,Absolute Relative Error,KL Divergence,MAE (zeros),MAE (non-zeros),Correlation
Baseline (Latent + MLP),0.00239660372143629,0.0006572004602877667,0.5275065968973448,0.30664413649161154,0.00020473188860423651,0.0012400038905004702,0.8898718357753045
Latent-as-Input,0.002395800264673119,0.0006418289207907475,0.47510698086623376,0.3132694759991618,0.000191188297006274,0.001222277857514861,0.8920158606485634
